{
    "metrics": {
        "data_received": {
            "count": 14350,
            "rate": 1889.4749159347264
        },
        "http_req_duration": {
            "avg": 3.9921432799999996,
            "min": 1.058083,
            "med": 2.3009795,
            "max": 21.987788,
            "p(90)": 5.246980400000016,
            "p(95)": 19.456212049999998,
            "thresholds": {
                "p(95)<500": false
            }
        },
        "http_req_receiving": {
            "avg": 0.09041203999999999,
            "min": 0.0364,
            "med": 0.075616,
            "max": 0.34883,
            "p(90)": 0.1419912,
            "p(95)": 0.16825639999999997
        },
        "http_req_blocked": {
            "avg": 0.09530648,
            "min": 0.002492,
            "med": 0.0070415,
            "max": 1.08484,
            "p(90)": 0.09299210000000104,
            "p(95)": 0.8315758499999998
        },
        "http_req_sending": {
            "min": 0.007042,
            "med": 0.017658,
            "max": 0.114616,
            "p(90)": 0.06434930000000001,
            "p(95)": 0.08946629999999994,
            "avg": 0.026669359999999993
        },
        "checks": {
            "fails": 0,
            "passes": 50,
            "value": 1
        },
        "vus": {
            "min": 5,
            "max": 5,
            "value": 5
        },
        "data_sent": {
            "count": 4050,
            "rate": 533.2664396888949
        },
        "iteration_duration": {
            "avg": 1005.5122845800003,
            "min": 1001.604587,
            "med": 1003.971432,
            "max": 1023.870139,
            "p(90)": 1006.9064383,
            "p(95)": 1020.96371085
        },
        "http_req_connecting": {
            "avg": 0.06768174,
            "min": 0,
            "med": 0,
            "max": 0.807617,
            "p(90)": 0.048132100000000684,
            "p(95)": 0.6701983499999999
        },
        "http_req_duration{expected_response:true}": {
            "avg": 3.9921432799999996,
            "min": 1.058083,
            "med": 2.3009795,
            "max": 21.987788,
            "p(90)": 5.246980400000016,
            "p(95)": 19.456212049999998
        },
        "http_req_tls_handshaking": {
            "avg": 0,
            "min": 0,
            "med": 0,
            "max": 0,
            "p(90)": 0,
            "p(95)": 0
        },
        "http_reqs": {
            "count": 50,
            "rate": 6.583536292455492
        },
        "iterations": {
            "count": 50,
            "rate": 6.583536292455492
        },
        "vus_max": {
            "value": 5,
            "min": 5,
            "max": 5
        },
        "http_req_failed": {
            "passes": 0,
            "fails": 50,
            "thresholds": {
                "rate<0.05": false
            },
            "value": 0
        },
        "http_req_waiting": {
            "avg": 3.8750618799999996,
            "min": 0.984091,
            "med": 2.202614,
            "max": 21.788023,
            "p(90)": 5.094242700000016,
            "p(95)": 19.227879849999997
        }
    },
    "root_group": {
        "name": "",
        "path": "",
        "id": "d41d8cd98f00b204e9800998ecf8427e",
        "groups": {},
        "checks": {
                "status is 200": {
                    "passes": 50,
                    "fails": 0,
                    "name": "status is 200",
                    "path": "::status is 200",
                    "id": "6210a8cd14cd70477eba5c5e4cb3fb5f"
                }
            }
    }
}